<?xml version="1.0"?>
<!DOCTYPE resource-action-mapping PUBLIC "-//Liferay//DTD Resource Action Mapping 7.4.0//EN" "http://www.liferay.com/dtd/liferay-resource-action-mapping_7_4_0.dtd">
<resource-action-mapping>
	<model-resource>
		<model-name>com.liferay.training.gradebook.model</model-name>
		<portlet-ref>
			<portlet-name>com_liferay_training_gradebook_web_portlet_GradebookPortlet</portlet-name>
		</portlet-ref>
		<root>true</root>
		<permissions>
			<supports>
				<action-key>ADD_ENTRY</action-key>
				<action-key>PERMISSIONS</action-key>
			</supports>
			<site-member-defaults />
			<guest-defaults />
			<guest-unsupported>
				<action-key>ADD_ENTRY</action-key>
				<action-key>PERMISSIONS</action-key>
			</guest-unsupported>
		</permissions>
	</model-resource>
	<model-resource>
		<model-name>com.liferay.training.gradebook.model.Assignment</model-name>
		<portlet-ref>
			<portlet-name>com_liferay_training_gradebook_web_portlet_GradebookPortlet</portlet-name>
		</portlet-ref>
		<permissions>
			<supports>
				<action-key>DELETE</action-key>
				<action-key>PERMISSIONS</action-key>
				<action-key>UPDATE</action-key>
				<action-key>VIEW</action-key>
			</supports>
			<site-member-defaults>
				<action-key>VIEW</action-key>
			</site-member-defaults>
			<guest-defaults>
				<action-key>VIEW</action-key>
			</guest-defaults>
			<guest-unsupported>
				<action-key>DELETE</action-key>
				<action-key>PERMISSIONS</action-key>
				<action-key>UPDATE</action-key>				
			</guest-unsupported>
		</permissions>
	</model-resource>
</resource-action-mapping>