<?xml version="1.0"?>
<!DOCTYPE service-builder PUBLIC "-//Liferay//DTD Service Builder 7.4.0//EN" "http://www.liferay.com/dtd/liferay-service-builder_7_4_0.dtd">

<service-builder dependency-injector="ds" package-path="com.liferay.training.gradebook">
    <author>rahulholalkere</author>
    <namespace>Gradebook</namespace>
    <entity name="Assignment" local-service="true" remote-service="true" uuid="true">
    	<!-- PK fields -->
    	<column name="assignmentId" primary="true" type="long"></column>

    	<!-- Group instance -->
    	<column name="groupId" type="long"></column>

    	<!-- Audit fields -->
    	<column name="companyId" type="long"></column>
    	<column name="userId" type="long"></column>
    	<column name="userName" type="String"></column>
    	<column name="createDate" type="Date"></column>
    	<column name="modifiedDate" type="Date"></column>
    	
    	<!-- Status Field --> 	
		<column name="status" type="int" />
		<column name="statusByUserId" type="long" />
		<column name="statusByUserName" type="String" />
		<column name="statusDate" type="Date" />
			
    	<!-- Assignment Actual Field -->
    	<column name="title" localized="true" type="String" />
    	<column name="description" localized="true" type="String" />
    	<column name="dueDate" type="Date" />
    	
    	<!-- Default Ordering Is Set To Title Field -->
    	<order by="asc">
    		<order-column name="title" />
    	</order>
    	
    	<!-- Used For Retriving Assignment List Based On GroupId (WebsiteId) -->
    	<finder return-type="Collection" name="GroupId">
    		<finder-column name="groupId" />
    	</finder>
    	
    	<!-- Group Reference To Assignment Entity -->
    	<reference entity="Group" package-path="com.liferay.portal"/>
    	
    	<!-- Asset Related Reference To Assignment Entity -->
    	<reference entity="AssetEntry" package-path="com.liferay.portlet.asset"/>
    </entity>
    <exceptions>
    	<exception>AssignmentValidation</exception>
    </exceptions>
</service-builder>